<core:FragmentDefinition xmlns:core="sap.ui.core" xmlns="sap.m"
    xmlns:form="sap.ui.layout.form">

    <Select items="{local>/cities}">
        <core:Item text="{local>cityname}" key="{local>cityname}" />
    </Select>

    <!-- Combo Box is similar to select control, but we can also type input in it
        Combo is the combination of input field and drop down -->

    <ComboBox items="{local>/cities}" >
         <core:Item text="{local>cityname}" key="{local>cityname}" />
    </ComboBox>

    <!-- Multi Combo Box :- It allows us to select multiple items -->

    <MultiComboBox items="{local>/cities}" >
         <core:Item text="{local>cityname}" key="{local>cityname}" />
    </MultiComboBox>
</core:FragmentDefinition>